granadoshoracio@gmail.com;A5Q2YqTa$k;Daniela Bayón Gilabert;Empleado de contabilidad y cálculo de costos
vfolch@gmail.com;1U6JWHv&(+;Candelario Jose Giralt Gonzalez;Trabajador pecuario de subsistencia
teodoravazquez@gmail.com;o8J$X&Xi(3;Clímaco Ponce Frías;Peón de explotaciones agrícolas
remigio68@hotmail.com;#X&o4Dswhx;Rosa María Eulalia Navarrete Pi;Revisor y cobrador de los transportes públicos
idelgado@yahoo.com;*D3KNFog6P;Evangelina Pujol Comas;Ingeniero mecánico
catalina48@yahoo.com;+9MlnOnm2^;Rosaura Carballo;Conductor de vehículos y máquinas de tracción animal
barrosoartemio@yahoo.com;39P1oqPx*Z;Elpidio Farré Sola;Techador
figuerolaadelardo@hotmail.com;3n$rcE)4#E;Imelda Águila Pereira;Profesor de música
silviatorrecilla@hotmail.com;@3NSFoiH*E;Adora Solís Boix;Conductor de camiones pesados
iker71@yahoo.com;*xN8XBnkIY;Hernán Rovira Gelabert;Operador de máquinas de vapor y calderas
galvezisaac@gmail.com;#$NPLlKMg1;Jacobo Caparrós Viña;Herrero
ymartinez@hotmail.com;&N^OWJQpt2;Primitivo Valcárcel Bonet;Supervisor de tiendas y almacenes
molespriscila@yahoo.com;e_7H0cU0Lz;Cristian Lluch Juárez;Suboficial de las fuerzas armadas
barrigacorona@hotmail.com;$3G)GKOzdw;Saturnino Guerrero-Tamayo;Mecánico y ajustador electricista
bpaniagua@yahoo.com;&KPA8Rfr+8;Jimena Elías Cerezo;Técnico en electrónica
terroncipriano@gmail.com;)_5K0igC&c;Jorge Severiano Granados Pineda;Demostrador de tiendas
marc68@yahoo.com;)%6&Jjia5%;Eduardo Oliver Serrano;Laminador de vidrio
osvaldo41@yahoo.com;*47jPDzM&S;Reyes Cabrero;Técnico en ciencias físicas y químicas
peralcesar@gmail.com;@SogHz+36X;Omar Calderon Jara;Agente de aduanas
yvera@gmail.com;)Cxe(9Hu*U;María Campillo Barriga;Zoólogo
rnebot@hotmail.com;f&(h2ToynW;Vanesa Carro Roig;Agente de administración tributaria
tejadaosvaldo@hotmail.com;%K&4E)Kll!;Purificación Beltran Rincón;Corrector de pruebas de imprenta
pilar25@hotmail.com;H8xH7YItz#;Luciano Espinosa Sevilla;Tenedor de libros
fabregatremigio@yahoo.com;&V2+Jfjg%m;Elías Aranda Flores;Conductor de taxis
regueralupita@gmail.com;S$SH54jLHA;Manu Cárdenas;Director de industrias manufactureras
santosferrero@yahoo.com;CCIy7_Sx)7;María Guardia Morera;Oficial de préstamos y créditos
marceloalbero@gmail.com;$9gEwfWMO%;Fanny Estrada;Personal de limpieza
antonianovoa@yahoo.com;+Q^8y7!oj1;Bienvenida Llabrés Aranda;Empleado del servicio de personal
gloriagarate@hotmail.com;W8h&TmGN!);Ariel Sebastián-Macias;Inspector de la salud laboral
vlasa@gmail.com;84_V2LobUd;Luciano Pavón Roura;Prestamista
qbenitez@hotmail.com;f%I5Grx9^t;Felicia Uría Galván;Periodista
vpalacios@yahoo.com;lkI6Os)Z%*;Jimena Álvaro Castellanos;Astrólogo
benigna83@hotmail.com;*1wM5SGrb*;Inés Chus Escobar Montserrat;Técnico forestal
begona69@gmail.com;s&K8UKtSCl;Cecilio Ayuso Barrena;Pescador, cazador, tramperos y recolector de subsistencia
mcarnero@yahoo.com;#5GKr6UhYu;Julio Rey Aguilar;Conductor de taxis
ucoello@hotmail.com;UA7PfcLt%0;Roberto del Vilalta;Soplador de vidrio
felisagalan@hotmail.com;l56JDqbM!p;Maura Doménech Alberto;Profesor de idiomas
ztudela@hotmail.com;_JQTeg)rr6;Candelas Doménech Pedrosa;Analista financiero
luisinamarin@yahoo.com;4*PU0eY2*J;Clementina Terrón Goñi;Mensajero
silvioposada@hotmail.com;(nFa6HK+7F;Curro Estrada Díaz;Personal de limpieza
evalls@yahoo.com;N1XKjng+$V;Lisandro Rocamora Pallarès;Telefonista
zoraida72@hotmail.com;n%!H0YqdVu;Pastora Criado Lobato;Dibujante técnico
paola92@hotmail.com;U$5@SjRmY8;Prudencio de Barrio;Cortador de vidrio
agueda15@gmail.com;@pcwE1BpD6;Amando del Mir;Gerente general
aalcolea@hotmail.com;aOtyC9bH*3;Anna Hurtado-Corral;Historiador
oteronacho@gmail.com;77vKDfAw)#;Zoraida Chaves Girona;Guardafrenos
maria-fernandaperez@gmail.com;+V6#Ie^hHa;Inés Mármol Barco;Modisto
bayonaingrid@yahoo.com;j0#zSBx9#7;Florentina del Rosell;Agente de administración tributaria
arsenio69@yahoo.com;vm5UEImqH%;Jafet Miralles Gomez;Técnico en optometría y ópticos
carrionlope@hotmail.com;%z9dJcZu^$;Etelvina Benavente;Peón forestales
nietoporfirio@hotmail.com;%l7Ej&Jajg;Trinidad Ribes Alfonso;Asesor de inversiones
cardenasrafaela@gmail.com;i6b&XSqg_P;Marcia Noriega Lladó;Operador de máquinas para la fabricación de calzado
cantonemma@hotmail.com;lSxUO1aB&5;Anastasia Perla Vélez Morales;Recepcionista
gonisabina@hotmail.com;DTK(kVjO^9;Estrella Mur Cabeza;Diseñador de prendas
rbaena@yahoo.com;#Lk!z9Vu9W;María Del Carmen Dorita Leiva Barrios;Supervisor de secretaría
villegasadriana@yahoo.com;b4%+2Dhr&3;Elisabet Díez Salvador;Profesor de formación profesional
leocadiabou@hotmail.com;#)3MRuIkgg;Jose Ramón Palomo Palomino;Ingeniero industrial
barralmartin@yahoo.com;qy7()4Yw%A;Carmelo Martinez Pombo;Coreógrafo
dalilaisern@gmail.com;yF1rfE8e*C;Sofía Marín-Barrios;Gerente de comercios al por mayor y al por menor
cbarrio@gmail.com;tF3BMiFmR_;Dionisio Isern;Empalmador de cables
paz88@yahoo.com;8mCa4^Yp%7;Bárbara Arrieta Verdugo;Gerente de sucursales de bancos, de servicios financieros y de seguros
emigdiovalderrama@yahoo.com;jf51#1BgHD;Ángel Valdés Uribe;Delineante
ipinol@yahoo.com;M)U3!LArdv;María Manuela Daza Cabello;Pulidor de metales y afilador de herramientas
ganaya@hotmail.com;05LtRZnG%5;Roberta de Amador;Gerente de comercios al por mayor y al por menor
wechevarria@gmail.com;9g1WRsy8%T;Pili Riba Gonzalez;Empleado de control de abastecimientos e inventario
teofilacastello@yahoo.com;%dClIW4c2u;Cruz de Montaña;Fisioterapeuta
acuadrado@hotmail.com;7B6XtDt0$G;Jessica Ojeda Palomino;Cajero
alvaro51@hotmail.com;(d82Lsnf+K;Candela Rojas Vendrell;Gerente de comercios al por mayor y al por menor
reyes73@gmail.com;adfPti)E_8;Sol Lupe Larrañaga Maldonado;Recolector de basura y material reciclable
urbanoriquelme@yahoo.com;)2dW7p3aK#;Águeda Girona-Cortes;Astrólogo
amandoaleman@yahoo.com;7FFNuc)U*6;Soledad Naranjo;Trabajador ambulante de servicios
wbastida@gmail.com;&!#SOw^kD7;Pía de Miranda;Miembro de las fuerzas armadas
rivasmartina@gmail.com;_RvDYqtd4);Evaristo Quirós Plana;Aparejador
torogodofredo@hotmail.com;v%Q6Yv2RO%;Morena Aguilar Barrios;Ensamblador de equipos eléctricos
barroshermenegildo@gmail.com;8qLKQIp8*S;Elisabet Donoso Clemente;Especialista en políticas y servicios de personal
rmiranda@gmail.com;^65CCMti3X;Matías Gárate;Paisajista
clementina28@yahoo.com;$HS1Mt6yz&;Lidia Rincón Figueroa;Director de servicios de cuidado de las personas de edad
mateo57@hotmail.com;37+8PmUb0^;Felicia Alicia Blasco Tejedor;Maleter
nazaretaragon@hotmail.com;k&28OhTwDS;Juan Pablo Ponce Guillén;Diseñador de prendas
zvelez@yahoo.com;9hHfns7X(K;Tania Soria;Diseñador de interior
florinda96@hotmail.com;^#Wb_tCvo3;José Manuel Pizarro-Priego;Director de servicios de tecnología de la información y las comunicaciones
fabianaalmansa@hotmail.com;1V4IYomkM&;Moreno Pedrosa-Coll;Operador de máquinas para elaborar alimentos y productos afines
gilbertocaballero@hotmail.com;zM6LI#uvi#;Ruperto Martín Palomar;Suboficial de las fuerzas armadas
isaac26@hotmail.com;SKE^27Mgpt;Nayara Valenciano-Corral;Supervisor de la construcción
cheortuno@gmail.com;0ROFbzji@f;Dalila del Gutiérrez;Profesional religioso
gcosta@yahoo.com;$2dTY#ghWJ;Miguel Alegre Ribes;Operador de instalaciones de refinación de petróleo y gas natural
festevez@gmail.com;C7vCJrd7!#;Buenaventura Maza Calvo;Entrenador deportivo
escolanofernanda@yahoo.com;Rc)5AbiLZe;Loreto de Valverde;Diseñador de prendas
maria-fernandasomoza@gmail.com;5c67EBna&8;Roque Puente Cornejo;Operador de instalaciones de vidriería y cerámica
maciasdesiderio@hotmail.com;!Z1a6PMaKF;Hernán Vilalta-Sebastián;Declarante de aduana
acunanatalio@yahoo.com;C33*YjT2&N;Josefina Moliner-Camps;Peletero
gutierrezligia@yahoo.com;1ga^9ZkGje;Griselda Vigil Madrigal;Director de explotaciones de minería
flavia56@gmail.com;g91TOGkv(6;Roberta Roman;Operador de incineradores, instalaciones de tratamiento de agua
figuerolaagata@gmail.com;!M6wzXDaFl;René Lumbreras Aragón;Recepcionista de hoteles
hectorolmedo@yahoo.com;Z7Jzov4P^9;Mariano de Tomas;Profesor de enseñanza secundaria
ubravo@hotmail.com;3*4mK$AY2z;Isaura Saez Alcalde;Técnico de laboratorio médico
esparzayolanda@hotmail.com;uvPXFbUi@0;Renata Escobar Villegas;Personal de limpieza
nicotur@yahoo.com;p+v2W!eNWq;Isaura de Fuentes;Fontanero
eladiofuster@gmail.com;A^A06UQh!*;Jesús Leocadio Bartolomé Noriega;Técnico en asistencia al usuario de tecnología de la información y las comunicaciones
irma44@gmail.com;&^8D4Tow1(;Juan Bautista Santana Iriarte;Antropólogo
